{
  "videoStartTime": 14.828,
  "videoEndTime": 169.999969,
  "startBeat": 8,
  "endBeat": 481,
  "beats": [
    0.0,
    0.344833344,
    0.6896458,
    1.03447914,
    1.37931252,
    1.72414589,
    2.06895828,
    2.41379166,
    2.758625,
    3.1034584,
    3.4482708,
    3.79310417,
    4.13793755,
    4.48275,
    4.82758331,
    5.17241669,
    5.51725,
    5.86206245,
    6.206896,
    6.551729,
    6.8965416,
    7.241375,
    7.58620834,
    7.93104172,
    8.275854,
    8.62068748,
    8.965521,
    9.310354,
    9.655167,
    10.0,
    10.3448334,
    10.6896458,
    11.0344791,
    11.3793125,
    11.7241459,
    12.0689583,
    12.4137917,
    12.758625,
    13.1034584,
    13.4482708,
    13.7931042,
    14.1379375,
    14.48275,
    14.8275833,
    15.1724167,
    15.51725,
    15.8620625,
    16.2068958,
    16.55173,
    16.8965416,
    17.241375,
    17.5862083,
    17.9310417,
    18.2758541,
    18.6206875,
    18.96552,
    19.3103542,
    19.6551666,
    20.0,
    20.3448334,
    20.6896458,
    21.03448,
    21.3793125,
    21.7241459,
    22.0689583,
    22.4137917,
    22.758625,
    23.1034584,
    23.44827,
    23.7931042,
    24.1379375,
    24.48275,
    24.8275833,
    25.1724167,
    25.51725,
    25.8620625,
    26.2068958,
    26.55173,
    26.8965416,
    27.241375,
    27.5862083,
    27.9310417,
    28.2758541,
    28.6206875,
    28.96552,
    29.3103542,
    29.6551666,
    30.0,
    30.3448334,
    30.6896458,
    31.03448,
    31.3793125,
    31.7241459,
    32.06896,
    32.41379,
    32.758625,
    33.10346,
    33.4482727,
    33.7931023,
    34.1379356,
    34.48275,
    34.8275833,
    35.1724167,
    35.51725,
    35.8620644,
    36.2068977,
    36.5517273,
    36.89654,
    37.241375,
    37.58621,
    37.93104,
    38.275856,
    38.62069,
    38.96552,
    39.3103523,
    39.6551666,
    40.0,
    40.3448334,
    40.6896477,
    41.03448,
    41.37931,
    41.724144,
    42.06896,
    42.41379,
    42.758625,
    43.10346,
    43.4482727,
    43.7931023,
    44.1379356,
    44.48275,
    44.8275833,
    45.1724167,
    45.51725,
    45.8620644,
    46.2068977,
    46.5517273,
    46.89654,
    47.241375,
    47.58621,
    47.93104,
    48.275856,
    48.62069,
    48.96552,
    49.3103523,
    49.6551666,
    50.0,
    50.3448334,
    50.6896477,
    51.03448,
    51.37931,
    51.724144,
    52.06896,
    52.41379,
    52.758625,
    53.10346,
    53.4482727,
    53.7931023,
    54.1379356,
    54.48275,
    54.8275833,
    55.1724167,
    55.51725,
    55.8620644,
    56.2068977,
    56.5517273,
    56.89654,
    57.241375,
    57.58621,
    57.93104,
    58.275856,
    58.62069,
    58.96552,
    59.3103523,
    59.6551666,
    60.0,
    60.3448334,
    60.6896477,
    61.03448,
    61.37931,
    61.724144,
    62.06896,
    62.41379,
    62.758625,
    63.10346,
    63.4482727,
    63.7931023,
    64.13794,
    64.48275,
    64.82758,
    65.17242,
    65.51725,
    65.86206,
    66.2068939,
    66.55173,
    66.8965454,
    67.24138,
    67.5862045,
    67.93104,
    68.275856,
    68.62069,
    68.96552,
    69.3103561,
    69.65517,
    70.0,
    70.34483,
    70.6896439,
    71.03448,
    71.37931,
    71.724144,
    72.06896,
    72.4137955,
    72.75862,
    73.1034546,
    73.44827,
    73.7931061,
    74.13794,
    74.48275,
    74.82758,
    75.17242,
    75.51725,
    75.86206,
    76.2068939,
    76.55173,
    76.8965454,
    77.24138,
    77.5862045,
    77.93104,
    78.275856,
    78.62069,
    78.96552,
    79.3103561,
    79.65517,
    80.0,
    80.34483,
    80.6896439,
    81.03448,
    81.37931,
    81.724144,
    82.06896,
    82.4137955,
    82.75862,
    83.1034546,
    83.44827,
    83.7931061,
    84.13794,
    84.48275,
    84.82758,
    85.17242,
    85.51725,
    85.86206,
    86.2068939,
    86.55173,
    86.8965454,
    87.24138,
    87.5862045,
    87.93104,
    88.275856,
    88.62069,
    88.96552,
    89.3103561,
    89.65517,
    90.0,
    90.34483,
    90.6896439,
    91.03448,
    91.37931,
    91.724144,
    92.06896,
    92.4137955,
    92.75862,
    93.1034546,
    93.44827,
    93.7931061,
    94.13794,
    94.48275,
    94.82758,
    95.17242,
    95.51725,
    95.86206,
    96.2068939,
    96.55173,
    96.8965454,
    97.24138,
    97.5862045,
    97.93104,
    98.275856,
    98.62069,
    98.96552,
    99.3103561,
    99.65517,
    100.0,
    100.344833,
    100.689644,
    101.034477,
    101.379311,
    101.724144,
    102.068962,
    102.413795,
    102.758621,
    103.103455,
    103.448273,
    103.793106,
    104.137939,
    104.48275,
    104.827583,
    105.172417,
    105.51725,
    105.862061,
    106.206894,
    106.551727,
    106.896545,
    107.241379,
    107.586205,
    107.931038,
    108.275856,
    108.620689,
    108.965523,
    109.310356,
    109.655167,
    110.0,
    110.344833,
    110.689644,
    111.034477,
    111.379311,
    111.724144,
    112.068962,
    112.413795,
    112.758621,
    113.103455,
    113.448273,
    113.793106,
    114.137939,
    114.48275,
    114.827583,
    115.172417,
    115.51725,
    115.862061,
    116.206894,
    116.551727,
    116.896545,
    117.241379,
    117.586205,
    117.931038,
    118.275856,
    118.620689,
    118.965523,
    119.310356,
    119.655167,
    120.0,
    120.344833,
    120.689644,
    121.034477,
    121.379311,
    121.724144,
    122.068962,
    122.413795,
    122.758621,
    123.103455,
    123.448273,
    123.793106,
    124.137939,
    124.48275,
    124.827583,
    125.172417,
    125.51725,
    125.862061,
    126.206894,
    126.551727,
    126.896545,
    127.241379,
    127.586205,
    127.931038,
    128.275848,
    128.620682,
    128.965515,
    129.310349,
    129.655167,
    130.0,
    130.344833,
    130.689651,
    131.034485,
    131.379318,
    131.724152,
    132.068954,
    132.413788,
    132.758621,
    133.103455,
    133.448273,
    133.7931,
    134.137939,
    134.482758,
    134.827591,
    135.172409,
    135.517242,
    135.862061,
    136.2069,
    136.551727,
    136.896545,
    137.241379,
    137.586212,
    137.931046,
    138.275848,
    138.620682,
    138.965515,
    139.310349,
    139.655167,
    140.0,
    140.344833,
    140.689651,
    141.034485,
    141.379318,
    141.724152,
    142.068954,
    142.413788,
    142.758621,
    143.103455,
    143.448273,
    143.7931,
    144.137939,
    144.482758,
    144.827591,
    145.172409,
    145.517242,
    145.862061,
    146.2069,
    146.551727,
    146.896545,
    147.241379,
    147.586212,
    147.931046,
    148.275848,
    148.620682,
    148.965515,
    149.310349,
    149.655167,
    150.0,
    150.344833,
    150.689651,
    151.034485,
    151.379318,
    151.724152,
    152.068954,
    152.413788,
    152.758621,
    153.103455,
    153.448273,
    153.7931,
    154.137939,
    154.482758,
    154.827591,
    155.172409,
    155.517242,
    155.862061,
    156.2069,
    156.551727,
    156.896545,
    157.241379,
    157.586212,
    157.931046,
    158.275848,
    158.620682,
    158.965515,
    159.310349,
    159.655167,
    160.0,
    160.344833,
    160.689651,
    161.034485,
    161.379318,
    161.724152,
    162.068954,
    162.413788,
    162.758621,
    163.103455,
    163.448273,
    163.7931,
    164.137939,
    164.482758,
    164.827591,
    165.172409,
    165.517242,
    165.862061,
    166.2069,
    166.551727,
    166.896545,
    167.241348
  ]
}